<?xml version="1.0" encoding="utf-8"?>
<Module>
	<Name value="Bannerlord Hardmode"/>
	<Id value="zBannerlordHardmode"/>
	<Version value="v1.0.0"/>
	<SingleplayerModule value="true"/>
	<MultiplayerModule value="false"/>
	<Official value="false"/>
	<DependedModules>
		<DependedModule Id="Native"/>
		<DependedModule Id="SandBoxCore"/>
		<DependedModule Id="Sandbox"/>
		<DependedModule Id="CustomBattle"/>
		<DependedModule Id="StoryMode"/>
	</DependedModules>
	<SubModules>
		<SubModule>
			<Name value="BannerlordHardmode"/>
			<DLLName value="BannerlordHardmode.dll"/>
			<SubModuleClassType value="BannerlordHardmode.SubModule"/>
			<Tags>
				<Tag key="DedicatedServerType" value="none" />
				<Tag key="IsNoRenderModeElement" value="false" />
			</Tags>
		</SubModule>
	</SubModules>
	
	<Xmls/>
</Module>